{"working_dir":null,"default_chunk_options":{"message":false,"warning":false,"tidy":false,"size":"small","fig.width":6.75,"fig.height":6.75,"fig.align":"center"},"chunk_definitions":[{"row":30,"row_count":1,"visible":true,"expansion_state":0,"options":{"engine":"r","label":"setup","echo":false},"document_id":"A3E2F413","chunk_id":"cpsir43llpznd","chunk_label":"unnamed-chunk-1"},{"row":43,"row_count":1,"visible":true,"expansion_state":0,"options":{"engine":"r","label":"load-libraries","echo":false},"document_id":"A3E2F413","chunk_id":"can0l33bxbc2z","chunk_label":"load-libraries"},{"row":67,"row_count":1,"visible":true,"expansion_state":0,"options":{"engine":"r","label":"read_data"},"document_id":"A3E2F413","chunk_id":"cbnjpbffkq8se","chunk_label":"unnamed-chunk-2"},{"row":95,"row_count":1,"visible":true,"expansion_state":0,"options":{"engine":"r","label":"unnamed-chunk-2"},"document_id":"A3E2F413","chunk_id":"cmqze2eali18o","chunk_label":"unnamed-chunk-3"},{"row":114,"row_count":1,"visible":true,"expansion_state":0,"options":{"engine":"r","label":"join_data"},"document_id":"A3E2F413","chunk_id":"cz7xgbc2fgz0l","chunk_label":"unnamed-chunk-4"},{"row":153,"row_count":1,"visible":true,"expansion_state":0,"options":{"engine":"r","label":"plot_choropleths","cache":true},"document_id":"A3E2F413","chunk_id":"cacvwve5oqji5","chunk_label":"unnamed-chunk-5"}],"doc_write_time":1599115545}