"0",""
"0","library(dplyr)"
"0","comparison <- comparison[complete.cases(comparison[,3]),]"
"0",""
"0","formula_ci <- comparison %>%"
"0","  filter(interval == ""2011-present"") %>% "
"0","  summarise("
"0","    mean_delta = mean(delta), "
"0","    sd_delta = sd(delta),"
"0","       count = n(),"
"0","    se_delta = sd_delta/sqrt(count),"
"0","   t_critical = qt(0.975, count - 1 ), #pitanje je sta je ovde"
"0","    lower = mean_delta - t_critical * se_delta,"
"0","    upper = mean_delta + t_critical * se_delta"
"0","  ) %>% "
"0","  arrange(desc(mean_delta))"
"0","  # choose the interval 2011-present"
"0","  # what dplyr verb will you use? "
"0",""
"0","  # calculate summary statistics for temperature deviation (delta) "
"0","  # calculate mean, SD, count, SE, lower/upper 95% CI"
"0","  # what dplyr verb will you use? "
"0",""
"0","#print out formula_CI"
"0","formula_ci"
