{"chunk_definitions":[{"row":29,"row_count":1,"visible":true,"expansion_state":0,"options":{"engine":"r","label":"setup","include":false},"document_id":"334E52DA","chunk_id":"c1e3xhxnj5inh","chunk_label":"unnamed-chunk-1"},{"row":45,"row_count":1,"visible":true,"expansion_state":0,"options":{"engine":"r","label":"load-libraries","include":false},"document_id":"334E52DA","chunk_id":"c6i0gd8yytgi2","chunk_label":"load-libraries"},{"row":65,"row_count":1,"visible":true,"expansion_state":0,"options":{"engine":"r","label":"weather_data","cache":true},"document_id":"334E52DA","chunk_id":"czvsprlreofol","chunk_label":"weather_data"},{"row":93,"row_count":1,"visible":true,"expansion_state":0,"options":{"engine":"r","label":"tidyweather"},"document_id":"334E52DA","chunk_id":"cc727dt35fnp2","chunk_label":"tidyweather"},{"row":124,"row_count":1,"visible":true,"expansion_state":0,"options":{"engine":"r","label":"scatter_plot","eval":false},"document_id":"334E52DA","chunk_id":"c5ga6tuz77fp6","chunk_label":"scatter_plot"},{"row":142,"row_count":1,"visible":true,"expansion_state":0,"options":{"engine":"r","label":"facet_wrap","echo":false},"document_id":"334E52DA","chunk_id":"c82p3ixewws1n","chunk_label":"facet_wrap"},{"row":163,"row_count":1,"visible":true,"expansion_state":0,"options":{"engine":"r","label":"intervals","eval":false},"document_id":"334E52DA","chunk_id":"czvsz18ci34cx","chunk_label":"intervals"},{"row":179,"row_count":1,"visible":true,"expansion_state":0,"options":{"engine":"r","label":"density_plot","eval":false},"document_id":"334E52DA","chunk_id":"cbk9dq0cn6iok","chunk_label":"density_plot"},{"row":208,"row_count":1,"visible":true,"expansion_state":0,"options":{"engine":"r","label":"averaging","eval":false},"document_id":"334E52DA","chunk_id":"c24bcw30rbs9k","chunk_label":"averaging"},{"row":246,"row_count":1,"visible":true,"expansion_state":0,"options":{"engine":"r","label":"calculate_CI_using_formula","eval":false},"document_id":"334E52DA","chunk_id":"c47gxd9u15lfq","chunk_label":"unnamed-chunk-2"}],"doc_write_time":1601400928,"working_dir":null,"default_chunk_options":{"message":false,"warning":false,"tidy":false,"size":"small","fig.width":6.75,"fig.height":6.75,"fig.align":"center"},"chunk_rendered_width":700}