{"chunk_definitions":[{"row":29,"row_count":1,"visible":true,"expansion_state":0,"options":{"engine":"r","label":"setup","include":false},"document_id":"334E52DA","chunk_id":"c1e3xhxnj5inh","chunk_label":"unnamed-chunk-1"},{"row":43,"row_count":1,"visible":true,"expansion_state":0,"options":{"engine":"r","label":"load-libraries","include":false},"document_id":"334E52DA","chunk_id":"ch3pysy7983jw","chunk_label":"load-libraries"},{"row":63,"row_count":1,"visible":true,"expansion_state":0,"options":{"engine":"r","label":"weather_data","cache":true},"document_id":"334E52DA","chunk_id":"cf1b4axeaadg2","chunk_label":"weather_data"},{"row":92,"row_count":1,"visible":true,"expansion_state":0,"options":{"engine":"r","label":"tidyweather"},"document_id":"334E52DA","chunk_id":"cx4dey3s75l51","chunk_label":"tidyweather"},{"row":123,"row_count":1,"visible":true,"expansion_state":0,"options":{"engine":"r","label":"scatter_plot","eval":false},"document_id":"334E52DA","chunk_id":"cowul92j14dqc","chunk_label":"scatter_plot"},{"row":138,"row_count":1,"visible":true,"expansion_state":0,"options":{"engine":"r","label":"facet_wrap","echo":false},"document_id":"334E52DA","chunk_id":"cmrdgliziav0r","chunk_label":"facet_wrap"},{"row":159,"row_count":1,"visible":true,"expansion_state":0,"options":{"engine":"r","label":"intervals","eval":false},"document_id":"334E52DA","chunk_id":"cgtcsblwyq25s","chunk_label":"intervals"},{"row":175,"row_count":1,"visible":true,"expansion_state":0,"options":{"engine":"r","label":"density_plot","eval":false},"document_id":"334E52DA","chunk_id":"cazg30r3gyec4","chunk_label":"density_plot"},{"row":204,"row_count":1,"visible":true,"expansion_state":0,"options":{"engine":"r","label":"averaging","eval":false},"document_id":"334E52DA","chunk_id":"cgn9sj7vfgrvc","chunk_label":"averaging"},{"row":240,"row_count":1,"visible":true,"expansion_state":0,"options":{"engine":"r","label":"calculate_CI_using_formula","eval":false},"document_id":"334E52DA","chunk_id":"cw34bfigtcdcq","chunk_label":"unnamed-chunk-2"},{"row":264,"row_count":1,"visible":true,"expansion_state":0,"options":{"engine":"r","label":"calculate_CI_using_bootstrap"},"document_id":"334E52DA","chunk_id":"cy0nbcleile82","chunk_label":"unnamed-chunk-3"},{"row":315,"row_count":1,"visible":true,"expansion_state":0,"options":{"engine":"r","label":"read_gss_data","cache":true},"document_id":"334E52DA","chunk_id":"c9owd3urbnj91","chunk_label":"unnamed-chunk-4"},{"row":392,"row_count":1,"visible":true,"expansion_state":0,"options":{"engine":"r","label":"twitter_edu","cache":true},"document_id":"334E52DA","chunk_id":"cc78gp4w83u24","chunk_label":"unnamed-chunk-5"},{"row":426,"row_count":1,"visible":true,"expansion_state":0,"options":{"engine":"r","label":"email","cache":true},"document_id":"334E52DA","chunk_id":"cgr31tpnmrd5a","chunk_label":"unnamed-chunk-6"},{"row":472,"row_count":1,"visible":true,"expansion_state":0,"options":{"engine":"r","cache":true,"label":"unnamed-chunk-28"},"document_id":"334E52DA","chunk_id":"c6ntyz8akrv7w","chunk_label":"unnamed-chunk-7"},{"row":488,"row_count":1,"visible":true,"expansion_state":0,"options":{"engine":"r","label":"trump_margins","echo":false,"out.width":"100%"},"document_id":"334E52DA","chunk_id":"c7421lm0rfzx4","chunk_label":""}],"doc_write_time":1601754283,"working_dir":null,"default_chunk_options":{"message":false,"warning":false,"tidy":false,"size":"small","fig.width":6.75,"fig.height":6.75,"fig.align":"center"},"chunk_rendered_width":700}