{"chunk_definitions":[{"row":29,"row_count":1,"visible":true,"expansion_state":0,"options":{"engine":"r","label":"setup","include":false},"document_id":"334E52DA","chunk_id":"c0gc2llt2xq0p","chunk_label":"unnamed-chunk-1"},{"row":43,"row_count":1,"visible":true,"expansion_state":0,"options":{"engine":"r","label":"load-libraries","include":false},"document_id":"334E52DA","chunk_id":"cmqbe79pir2s4","chunk_label":"load-libraries"},{"row":63,"row_count":1,"visible":true,"expansion_state":0,"options":{"engine":"r","label":"weather_data","cache":true},"document_id":"334E52DA","chunk_id":"cftfjyh2i0osf","chunk_label":"weather_data"},{"row":92,"row_count":1,"visible":true,"expansion_state":0,"options":{"engine":"r","label":"tidyweather"},"document_id":"334E52DA","chunk_id":"cie8ys8gzob84","chunk_label":"tidyweather"},{"row":123,"row_count":1,"visible":true,"expansion_state":0,"options":{"engine":"r","label":"scatter_plot","eval":false},"document_id":"334E52DA","chunk_id":"clnnqneywnkxd","chunk_label":"scatter_plot"},{"row":138,"row_count":1,"visible":true,"expansion_state":0,"options":{"engine":"r","label":"facet_wrap","echo":false},"document_id":"334E52DA","chunk_id":"cromo9191zv7p","chunk_label":"facet_wrap"},{"row":159,"row_count":1,"visible":true,"expansion_state":0,"options":{"engine":"r","label":"intervals","eval":false},"document_id":"334E52DA","chunk_id":"clw6658ptkkql","chunk_label":"intervals"},{"row":175,"row_count":1,"visible":true,"expansion_state":0,"options":{"engine":"r","label":"density_plot","eval":false},"document_id":"334E52DA","chunk_id":"cg68000pnjcd1","chunk_label":"density_plot"},{"row":204,"row_count":1,"visible":true,"expansion_state":0,"options":{"engine":"r","label":"averaging","eval":false},"document_id":"334E52DA","chunk_id":"clo5bp6s1r6ce","chunk_label":"averaging"},{"row":241,"row_count":1,"visible":true,"expansion_state":0,"options":{"engine":"r","label":"calculate_CI_using_formula","eval":false},"document_id":"334E52DA","chunk_id":"cf15ahat8efgp","chunk_label":"unnamed-chunk-2"},{"row":266,"row_count":1,"visible":true,"expansion_state":0,"options":{"engine":"r","label":"calculate_CI_using_bootstrap"},"document_id":"334E52DA","chunk_id":"crjoffleg76xo","chunk_label":"unnamed-chunk-3"},{"row":302,"row_count":1,"visible":true,"expansion_state":0,"options":{"engine":"r","label":"read_gss_data","cache":true},"document_id":"334E52DA","chunk_id":"cdpy6c3cp6yn9","chunk_label":"unnamed-chunk-4"}],"doc_write_time":1601663709,"working_dir":null,"default_chunk_options":{"message":false,"warning":false,"tidy":false,"size":"small","fig.width":6.75,"fig.height":6.75,"fig.align":"center"},"chunk_rendered_width":674}