"0",""
"0","library(tidyverse)"
"0","install.packages(moderndive)"
"1","Error in "
"1",""
"1","install.packages"
"1",""
"1"," : "
"1",""
"1","object 'moderndive' not found"
"1",""
"1","
"
"0","install.packages(infer)"
"1","Error in "
"1",""
"1","install.packages"
"1",""
"1"," : "
"1",""
"1","object 'infer' not found"
"1",""
"1","
"
"0","library(moderndive)"
"0","library(infer)"
"0","comparison2<-subset(comparison,comparison$interval==""2011-present"")"
"0",""
"0","bootstrap_distribution <-comparison2 %>% "
"0","  specify(response = delta) %>% "
"0","  generate(reps = 1000, type = ""bootstrap"") %>% "
"0","  calculate(stat = ""mean"")"
"0","bootstrap_distribution"
