"0",""
"0","p <- ggplot(data = county_masks_full,"
"0","            mapping = aes(x = long, y = lat,"
"0","                          fill = delta, "
"0","                          group = group))"
"0",""
"0","p1 <- p + "
"0","  geom_polygon(color = ""gray90"", size = 0.05) + "
"0","  coord_equal()"
"0",""
"0",""
"0",""
"0","p2 <- p1 + "
"0","  scale_fill_gradient(low = '#ffffcc', high= '#006837')"
"0",""
"0","p3 <- p1 + "
"0","  scale_fill_gradient2()"
"0",""
"0","# get different colours from https://colorbrewer2.org/"
"0","# the one shown here is https://colorbrewer2.org/#type=diverging&scheme=BrBG&n=6"
"0","p4 <- p1 + "
"0","  scale_fill_gradientn(colours = c('#8c510a','#d8b365','#f6e8c3','#c7eae5','#5ab4ac','#01665e'))"
"0",""
"0","p1"
